section,line_item,amount,fund,fiscal_year
balance,BEGINNING BALANCE,116124682.0,General Fund,2008
revenue,Property Tax,230833886.0,General Fund,2008
revenue,Sales Tax,196242533.0,General Fund,2008
revenue,Other Tax,32327386.0,General Fund,2008
revenue,Licenses and Permits,5778367.0,General Fund,2008
revenue,CPS Energy,253962706.0,General Fund,2008
revenue,San Antonio Water System,9425230.0,General Fund,2008
revenue,Charges for Services,43908568.0,General Fund,2008
revenue,Fines & Forfeits,10956705.0,General Fund,2008
revenue,Miscellaneous,12068577.0,General Fund,2008
revenue,Subtotal Revenues,801567172.0,General Fund,2008
revenue,Transfers from other funds,25734568.0,General Fund,2008
revenue,TOTAL REVENUES,827301740.0,General Fund,2008
revenue,TOTAL AVAILABLE FUNDS,943426422.0,General Fund,2008
appropriation,Administrative & Operational Excellence,69711334.0,General Fund,2008
appropriation,"Convention, Tourism & Culture",609193.0,General Fund,2008
appropriation,Economic Development,16862886.0,General Fund,2008
appropriation,Environmental 0,901544.0,General Fund,2008
appropriation,Health & Human Services,77613926.0,General Fund,2008
appropriation,Neighborhood Services,10587574.0,General Fund,2008
appropriation,Parks & Recreation,46750338.0,General Fund,2008
appropriation,Public Safety,525252227.0,General Fund,2008
appropriation,Streets & Infrastructure,13029408.0,General Fund,2008
appropriation,Subtotal Appropriations,760416886.0,General Fund,2008
appropriation,Transfers to other funds,92132436.0,General Fund,2008
appropriation,TOTAL APPROPRIATIONS,852549322.0,General Fund,2008
appropriation,GROSS ENDING FUND BALANCE,90877100.0,General Fund,2008
balance,BEGINNING BALANCE,335450304.0,Total All Funds,2008
revenue,Property Tax,366259953.0,Total All Funds,2008
revenue,Sales Tax,232206661.0,Total All Funds,2008
revenue,Other Tax,100640203.0,Total All Funds,2008
revenue,Licenses and Permits,5778367.0,Total All Funds,2008
revenue,CPS Energy,253962706.0,Total All Funds,2008
revenue,San Antonio Water System,9425230.0,Total All Funds,2008
revenue,Charges for Services,313542997.0,Total All Funds,2008
revenue,Fines & Forfeits,12275357.0,Total All Funds,2008
revenue,Miscellaneous,55958588.0,Total All Funds,2008
revenue,Grants,176874729.0,Total All Funds,2008
revenue,Subtotal Revenues,1535450165.0,Total All Funds,2008
revenue,Transfers from other funds,203440981.0,Total All Funds,2008
revenue,TOTAL REVENUES,1738891146.0,Total All Funds,2008
revenue,TOTAL AVAILABLE FUNDS,2074341450.0,Total All Funds,2008
appropriation,Administrative & Operational Excellence,69808786.0,Total All Funds,2008
appropriation,"Convention, Tourism & Culture",63371102.0,Total All Funds,2008
appropriation,Economic Development,59632530.0,Total All Funds,2008
appropriation,Environmental,81131845.0,Total All Funds,2008
appropriation,Health & Human Services,239851164.0,Total All Funds,2008
appropriation,Neighborhood Services,11476088.0,Total All Funds,2008
appropriation,Parks & Recreation,53654891.0,Total All Funds,2008
appropriation,Public Safety,579990470.0,Total All Funds,2008
appropriation,Streets & Infrastructure,80496498.0,Total All Funds,2008
appropriation,Debt Service,193023570.0,Total All Funds,2008
appropriation,Subtotal Appropriations,1432436944.0,Total All Funds,2008
appropriation,Transfers to other funds,357730466.0,Total All Funds,2008
appropriation,TOTAL APPROPRIATIONS,1790167410.0,Total All Funds,2008
appropriation,GROSS ENDING FUND BALANCE,284174040.0,Total All Funds,2008
balance,BEGINNING BALANCE,86255937.0,General Fund,2009
revenue,Property Tax,249872945.0,General Fund,2009
revenue,Sales Tax,202809519.0,General Fund,2009
revenue,Other Tax,32656627.0,General Fund,2009
revenue,Licenses and Permits,6129118.0,General Fund,2009
revenue,CPS Energy,288861091.0,General Fund,2009
revenue,San Antonio Water System,9880665.0,General Fund,2009
revenue,Charges for Services,41673749.0,General Fund,2009
revenue,Fines & Forfeits,12166379.0,General Fund,2009
revenue,Miscellaneous,11659658.0,General Fund,2009
revenue,Subtotal Revenues,861669386.0,General Fund,2009
revenue,Transfers from other funds,25832769.0,General Fund,2009
revenue,TOTAL REVENUES,887502155.0,General Fund,2009
revenue,TOTAL AVAILABLE FUNDS,973758092.0,General Fund,2009
appropriation,Administrative & Operational Excellence,86474994.0,General Fund,2009
appropriation,"Convention, Tourism & Culture",574389.0,General Fund,2009
appropriation,Economic Development,16056586.0,General Fund,2009
appropriation,Environmental 0,1376453.0,General Fund,2009
appropriation,Health & Human Services,74504752.0,General Fund,2009
appropriation,Neighborhood Services,11167695.0,General Fund,2009
appropriation,Parks & Recreation,49987746.0,General Fund,2009
appropriation,Public Safety,563491492.0,General Fund,2009
appropriation,Streets & Infrastructure,15028046.0,General Fund,2009
appropriation,Subtotal Appropriations,817285700.0,General Fund,2009
appropriation,Transfers to other funds,112676235.0,General Fund,2009
appropriation,TOTAL APPROPRIATIONS,929961935.0,General Fund,2009
appropriation,GROSS ENDING FUND BALANCE,43796156.0,General Fund,2009
balance,BEGINNING BALANCE,318721257.0,Total All Funds,2009
revenue,Property Tax,398433696.0,Total All Funds,2009
revenue,Sales Tax,239622071.0,Total All Funds,2009
revenue,Other Tax,105238567.0,Total All Funds,2009
revenue,Licenses and Permits,6129118.0,Total All Funds,2009
revenue,CPS Energy,288861091.0,Total All Funds,2009
revenue,San Antonio Water System,9880665.0,Total All Funds,2009
revenue,Charges for Services,324947279.0,Total All Funds,2009
revenue,Fines & Forfeits,13585677.0,Total All Funds,2009
revenue,Miscellaneous,43468511.0,Total All Funds,2009
revenue,Grants,183867998.0,Total All Funds,2009
revenue,Subtotal Revenues,1622498089.0,Total All Funds,2009
revenue,Transfers from other funds,232727159.0,Total All Funds,2009
revenue,TOTAL REVENUES,1855225248.0,Total All Funds,2009
revenue,TOTAL AVAILABLE FUNDS,2173946505.0,Total All Funds,2009
appropriation,Administrative & Operational Excellence,86526994.0,Total All Funds,2009
appropriation,"Convention, Tourism & Culture",65049409.0,Total All Funds,2009
appropriation,Economic Development,61290707.0,Total All Funds,2009
appropriation,Environmental,96709644.0,Total All Funds,2009
appropriation,Health & Human Services,241486681.0,Total All Funds,2009
appropriation,Neighborhood Services,12056209.0,Total All Funds,2009
appropriation,Parks & Recreation,53349903.0,Total All Funds,2009
appropriation,Public Safety,624433129.0,Total All Funds,2009
appropriation,Streets & Infrastructure,88881407.0,Total All Funds,2009
appropriation,Debt Service,213554596.0,Total All Funds,2009
appropriation,Subtotal Appropriations,1543338680.0,Total All Funds,2009
appropriation,Transfers to other funds,387460191.0,Total All Funds,2009
appropriation,TOTAL APPROPRIATIONS,1930798871.0,Total All Funds,2009
appropriation,GROSS ENDING FUND BALANCE,243147635.0,Total All Funds,2009
balance,BEGINNING BALANCE,81933603.0,General Fund,2010
revenue,Property Tax,249172145.0,General Fund,2010
revenue,Sales Tax,189565423.0,General Fund,2010
revenue,Other Tax,35389162.0,General Fund,2010
revenue,Licenses and Permits,5647275.0,General Fund,2010
revenue,CPS Energy,251053000.0,General Fund,2010
revenue,San Antonio Water System,10155356.0,General Fund,2010
revenue,Charges for Services,43372206.0,General Fund,2010
revenue,Fines & Forfeits,14234582.0,General Fund,2010
revenue,Miscellaneous,9390135.0,General Fund,2010
revenue,Subtotal Revenues,816193660.0,General Fund,2010
revenue,Transfers from other funds,27955291.0,General Fund,2010
revenue,TOTAL REVENUES,844148952.0,General Fund,2010
revenue,TOTAL AVAILABLE FUNDS,926082555.0,General Fund,2010
appropriation,Administrative & Operational Excellence,76296481.0,General Fund,2010
appropriation,"Convention, Tourism & Culture",574389.0,General Fund,2010
appropriation,Economic Development,12322979.0,General Fund,2010
appropriation,Environmental 0,1171244.0,General Fund,2010
appropriation,Health & Human Services,77411726.0,General Fund,2010
appropriation,Neighborhood Services,10536913.0,General Fund,2010
appropriation,Parks & Recreation,45799938.0,General Fund,2010
appropriation,Public Safety,573089325.0,General Fund,2010
appropriation,Streets & Infrastructure,64959058.0,General Fund,2010
appropriation,Subtotal Appropriations,860990809.0,General Fund,2010
appropriation,Transfers to other funds,26086434.0,General Fund,2010
appropriation,TOTAL APPROPRIATIONS,887077240.0,General Fund,2010
appropriation,Financial Reserves (Incremental Amount),678998.0,General Fund,2010
appropriation,Reserve for Two Year Balanced Budget Plan,38326317.0,General Fund,2010
appropriation,GROSS ENDING FUND BALANCE $ 0,23214947.0,General Fund,2010
balance,BEGINNING BALANCE,293522085.0,Total All Funds,2010
revenue,Property Tax,397950629.0,Total All Funds,2010
revenue,Sales Tax,224738289.0,Total All Funds,2010
revenue,Other Tax,104810948.0,Total All Funds,2010
revenue,Licenses and Permits,5647275.0,Total All Funds,2010
revenue,CPS Energy,251053000.0,Total All Funds,2010
revenue,San Antonio Water System,10155356.0,Total All Funds,2010
revenue,Charges for Services,311263397.0,Total All Funds,2010
revenue,Fines & Forfeits,16354100.0,Total All Funds,2010
revenue,Miscellaneous,19327761.0,Total All Funds,2010
revenue,Grants,227162780.0,Total All Funds,2010
revenue,Subtotal Revenues,1578311243.0,Total All Funds,2010
revenue,Transfers from other funds,194904967.0,Total All Funds,2010
revenue,TOTAL REVENUES,1773216210.0,Total All Funds,2010
revenue,TOTAL AVAILABLE FUNDS,2066738295.0,Total All Funds,2010
appropriation,Administrative & Operational Excellence,76362703.0,Total All Funds,2010
appropriation,"Convention, Tourism & Culture",65216728.0,Total All Funds,2010
appropriation,Economic Development,75961078.0,Total All Funds,2010
appropriation,Environmental,80463031.0,Total All Funds,2010
appropriation,Health & Human Services,249021207.0,Total All Funds,2010
appropriation,Neighborhood Services,16097335.0,Total All Funds,2010
appropriation,Parks & Recreation,48633357.0,Total All Funds,2010
appropriation,Public Safety,636813235.0,Total All Funds,2010
appropriation,Streets & Infrastructure,111857567.0,Total All Funds,2010
appropriation,Debt Service,259796277.0,Total All Funds,2010
appropriation,Subtotal Appropriations,1620222517.0,Total All Funds,2010
appropriation,Transfers to other funds,232453278.0,Total All Funds,2010
appropriation,TOTAL APPROPRIATIONS,1852675795.0,Total All Funds,2010
appropriation,Financial Reserves (Incremental Amount),678998.0,Total All Funds,2010
appropriation,Reserve for Two Year Balanced Budget Plan,38326317.0,Total All Funds,2010
appropriation,GROSS ENDING FUND BALANCE,175057186.0,Total All Funds,2010
balance,BEGINNING BALANCE,89344603.0,General Fund,2011
revenue,Property Tax,239738583.0,General Fund,2011
revenue,Delinquent Property Tax,4807790.0,General Fund,2011
revenue,Sales Tax,188070529.0,General Fund,2011
revenue,Other Tax,35309277.0,General Fund,2011
revenue,Licenses and Permits,5651259.0,General Fund,2011
revenue,CPS Energy,275758786.0,General Fund,2011
revenue,San Antonio Water System,9868940.0,General Fund,2011
revenue,Charges for Services,43940287.0,General Fund,2011
revenue,Fines & Forfeits,14794483.0,General Fund,2011
revenue,Miscellaneous,10488855.0,General Fund,2011
revenue,Subtotal Revenues,835962992.0,General Fund,2011
revenue,Transfers from other funds,23562935.0,General Fund,2011
revenue,TOTAL REVENUES,859525927.0,General Fund,2011
revenue,TOTAL AVAILABLE FUNDS,948870530.0,General Fund,2011
appropriation,Administrative & Operational Excellence,68207351.0,General Fund,2011
appropriation,"Convention, Tourism & Culture 0",62892981.0,General Fund,2011
appropriation,Economic Development,15905016.0,General Fund,2011
appropriation,Environmental 0,713433.0,General Fund,2011
appropriation,Health & Human Services,76261699.0,General Fund,2011
appropriation,Neighborhood Services,20135855.0,General Fund,2011
appropriation,Parks & Recreation,59286713.0,General Fund,2011
appropriation,Public Safety,587943780.0,General Fund,2011
appropriation,Streets & Infrastructure,77835672.0,General Fund,2011
appropriation,Subtotal Appropriations,905576086.0,General Fund,2011
appropriation,Transfers to other funds,21269814.0,General Fund,2011
appropriation,TOTAL APPROPRIATIONS,926845900.0,General Fund,2011
appropriation,Financial Reserves (Incremental Amount),3579185.0,General Fund,2011
appropriation,Reserve for Two Year Balanced Budget Plan,18445445.0,General Fund,2011
appropriation,GROSS ENDING FUND BALANCE $ 0,32874110.0,General Fund,2011
balance,BEGINNING BALANCE,317356081.0,Total All Funds,2011
revenue,Property Tax,384452602.0,Total All Funds,2011
revenue,Delinquent Property Tax,4807790.0,Total All Funds,2011
revenue,Sales Tax,217781053.0,Total All Funds,2011
revenue,Other Tax,99209409.0,Total All Funds,2011
revenue,Licenses and Permits,5651259.0,Total All Funds,2011
revenue,CPS Energy,275758786.0,Total All Funds,2011
revenue,San Antonio Water System,9868940.0,Total All Funds,2011
revenue,Charges for Services,341670032.0,Total All Funds,2011
revenue,Fines & Forfeits,16912845.0,Total All Funds,2011
revenue,Miscellaneous,19674660.0,Total All Funds,2011
revenue,Grants,218221055.0,Total All Funds,2011
revenue,Subtotal Revenues,1628529052.0,Total All Funds,2011
revenue,Transfers from other funds,181541701.0,Total All Funds,2011
revenue,TOTAL REVENUES,1810070753.0,Total All Funds,2011
revenue,TOTAL AVAILABLE FUNDS,2127426834.0,Total All Funds,2011
appropriation,Administrative & Operational Excellence,69182366.0,Total All Funds,2011
appropriation,"Convention, Tourism & Culture",63555023.0,Total All Funds,2011
appropriation,Economic Development,91833602.0,Total All Funds,2011
appropriation,Environmental,110535414.0,Total All Funds,2011
appropriation,Health & Human Services,232364491.0,Total All Funds,2011
appropriation,Neighborhood Services,21714348.0,Total All Funds,2011
appropriation,Parks & Recreation,62266913.0,Total All Funds,2011
appropriation,Public Safety,636782576.0,Total All Funds,2011
appropriation,Streets & Infrastructure,126345470.0,Total All Funds,2011
appropriation,Debt Service,248888907.0,Total All Funds,2011
appropriation,Subtotal Appropriations,1663469109.0,Total All Funds,2011
appropriation,Transfers to other funds,272250134.0,Total All Funds,2011
appropriation,TOTAL APPROPRIATIONS,1935719243.0,Total All Funds,2011
appropriation,GROSS ENDING FUND BALANCE,191707591.0,Total All Funds,2011
balance,BEGINNING BALANCE,76866977.0,General Fund,2012
balance,Property Tax,239361516.0,General Fund,2012
balance,Delinquent Property Tax,4918520.0,General Fund,2012
balance,Sales Tax,199320203.0,General Fund,2012
balance,Other Tax,35957207.0,General Fund,2012
balance,Licenses and Permits,6668871.0,General Fund,2012
balance,CPS Energy,289607440.0,General Fund,2012
balance,San Antonio Water System,10161799.0,General Fund,2012
balance,Charges for Services,48288741.0,General Fund,2012
balance,Fines & Forfeits,14532973.0,General Fund,2012
balance,Miscellaneous,12491209.0,General Fund,2012
balance,Subtotal Revenues,868708067.0,General Fund,2012
balance,Transfers from other funds,26587418.0,General Fund,2012
balance,TOTAL REVENUES,895295485.0,General Fund,2012
balance,TOTAL AVAILABLE FUNDS,972162462.0,General Fund,2012
balance,Administrative & Operational Excellence,67755133.0,General Fund,2012
balance,"Convention, Tourism & Culture 0",64672727.0,General Fund,2012
balance,Economic Development,16275846.0,General Fund,2012
balance,Environmental 0,652250.0,General Fund,2012
balance,Health & Human Services,81434663.0,General Fund,2012
balance,Neighborhood Services,21540728.0,General Fund,2012
balance,Parks & Recreation,59316850.0,General Fund,2012
balance,Public Safety,603408310.0,General Fund,2012
balance,Streets & Infrastructure,79582057.0,General Fund,2012
balance,Subtotal Appropriations,929313587.0,General Fund,2012
balance,Transfers to other funds,18862062.0,General Fund,2012
balance,TOTAL APPROPRIATIONS,948175649.0,General Fund,2012
balance,Reserve for Federal Stimulus 50 Police Officers,1000000.0,General Fund,2012
balance,Financial Reserves (Incremental Amount),1911806.0,General Fund,2012
balance,Reserve for Two-Year Budget Plan,21075007.0,General Fund,2012
balance,GROSS ENDING FUND BALANCE $ 0,38411889.0,General Fund,2012
balance,BEGINNING BALANCE,264081196.0,Total All Funds,2012
revenue,Property Tax,382293165.0,Total All Funds,2012
revenue,Delinquent Property Tax,7427257.0,Total All Funds,2012
revenue,Sales Tax,235677076.0,Total All Funds,2012
revenue,Other Tax,101909779.0,Total All Funds,2012
revenue,Licenses and Permits,6668871.0,Total All Funds,2012
revenue,CPS Energy,289607440.0,Total All Funds,2012
revenue,San Antonio Water System,10161799.0,Total All Funds,2012
revenue,Charges for Services,340536005.0,Total All Funds,2012
revenue,Fines & Forfeits,16853894.0,Total All Funds,2012
revenue,Miscellaneous,19552464.0,Total All Funds,2012
revenue,Grants,192342311.0,Total All Funds,2012
revenue,Subtotal Revenues,1625450714.0,Total All Funds,2012
revenue,Transfers from other funds,164080720.0,Total All Funds,2012
revenue,TOTAL REVENUES,1789531434.0,Total All Funds,2012
revenue,TOTAL AVAILABLE FUNDS,2053612630.0,Total All Funds,2012
revenue,Administrative & Operational Excellence,68447979.0,Total All Funds,2012
revenue,"Convention, Tourism & Culture",64867133.0,Total All Funds,2012
revenue,Economic Development,88279312.0,Total All Funds,2012
revenue,Environmental,103976541.0,Total All Funds,2012
revenue,Health & Human Services,226335333.0,Total All Funds,2012
revenue,Neighborhood Services,22884320.0,Total All Funds,2012
revenue,Parks & Recreation,61841860.0,Total All Funds,2012
revenue,Public Safety,650303713.0,Total All Funds,2012
revenue,Streets & Infrastructure,130616619.0,Total All Funds,2012
revenue,Debt Service,228311411.0,Total All Funds,2012
revenue,Subtotal Appropriations,1645864221.0,Total All Funds,2012
revenue,Transfers to other funds,222966439.0,Total All Funds,2012
revenue,TOTAL APPROPRIATIONS,1868830660.0,Total All Funds,2012
revenue,GROSS ENDING FUND BALANCE,184781971.0,Total All Funds,2012
balance,BEGINNING BALANCE,71140842.0,General Fund,2013
balance,Property Tax,242846289.0,General Fund,2013
balance,Delinquent Property Tax,4391330.0,General Fund,2013
balance,Sales Tax,221837083.0,General Fund,2013
balance,Other Tax,35961859.0,General Fund,2013
balance,Licenses and Permits,7178736.0,General Fund,2013
balance,CPS Energy,285505538.0,General Fund,2013
balance,San Antonio Water System,10947561.0,General Fund,2013
balance,Charges for Services,49415400.0,General Fund,2013
balance,Fines & Forfeits,14550998.0,General Fund,2013
balance,Miscellaneous,12142692.0,General Fund,2013
balance,Subtotal Revenues,892478839.0,General Fund,2013
balance,Transfers from other funds,25671269.0,General Fund,2013
balance,TOTAL REVENUES,918150108.0,General Fund,2013
balance,TOTAL AVAILABLE FUNDS,989290950.0,General Fund,2013
appropriation,Administrative & Operational Excellence,68597486.0,General Fund,2013
appropriation,"Convention, Tourism & Culture",8033550.0,General Fund,2013
appropriation,Economic Development,7101664.0,General Fund,2013
appropriation,Environmental,1700629.0,General Fund,2013
appropriation,Health & Human Services,83395755.0,General Fund,2013
appropriation,Neighborhood Services,27508686.0,General Fund,2013
appropriation,Parks & Recreation,59050992.0,General Fund,2013
appropriation,Public Safety,629120050.0,General Fund,2013
appropriation,Streets & Infrastructure,78438727.0,General Fund,2013
appropriation,Subtotal Appropriations,961246910.0,General Fund,2013
appropriation,Transfers to other funds,18369893.0,General Fund,2013
appropriation,TOTAL APPROPRIATIONS,979616803.0,General Fund,2013
appropriation,Financial Reserves (Incremental Amount),2837576.0,General Fund,2013
appropriation,Reserve fpr Two-Year Budget Plan,6836570.0,General Fund,2013
appropriation,GROSS ENDING FUND BALANCE $ 0,54104032.0,General Fund,2013
balance,BEGINNING BALANCE,275606156.0,Total All Funds,2013
revenue,Property Tax,387858825.0,Total All Funds,2013
revenue,Delinquent Property Tax,7658300.0,Total All Funds,2013
revenue,Sales Tax,262377285.0,Total All Funds,2013
revenue,Other Tax,109615669.0,Total All Funds,2013
revenue,Licenses and Permits,7178736.0,Total All Funds,2013
revenue,CPS Energy,285505538.0,Total All Funds,2013
revenue,San Antonio Water System,10947561.0,Total All Funds,2013
revenue,Charges for Services,354238039.0,Total All Funds,2013
revenue,Fines & Forfeits,16820744.0,Total All Funds,2013
revenue,Miscellaneous,17840680.0,Total All Funds,2013
revenue,Grants,154340128.0,Total All Funds,2013
revenue,Subtotal Revenues,1625699412.0,Total All Funds,2013
revenue,Transfers from other funds,159936778.0,Total All Funds,2013
revenue,TOTAL REVENUES,1785636190.0,Total All Funds,2013
revenue,TOTAL AVAILABLE FUNDS,2061242346.0,Total All Funds,2013
appropriation,Administrative & Operational Excellence,69651655.0,Total All Funds,2013
appropriation,"Convention, Tourism & Culture",73435942.0,Total All Funds,2013
appropriation,Economic Development,85285405.0,Total All Funds,2013
appropriation,Environmental,90364312.0,Total All Funds,2013
appropriation,Health & Human Services,209212960.0,Total All Funds,2013
appropriation,Neighborhood Services,30035699.0,Total All Funds,2013
appropriation,Parks & Recreation,61460122.0,Total All Funds,2013
appropriation,Public Safety,670686259.0,Total All Funds,2013
appropriation,Streets & Infrastructure,113897029.0,Total All Funds,2013
appropriation,Debt Service,236933976.0,Total All Funds,2013
appropriation,Subtotal Appropriations,1640963359.0,Total All Funds,2013
appropriation,Transfers to other funds,231144598.0,Total All Funds,2013
appropriation,TOTAL APPROPRIATIONS,1872107957.0,Total All Funds,2013
appropriation,GROSS ENDING FUND BALANCE,156967825.0,Total All Funds,2013
balance,BEGINNING BALANCE,35055789.0,General Fund,2014
balance,Property Tax,254301878.0,General Fund,2014
balance,Delinquent Property Tax,4845383.0,General Fund,2014
balance,Sales Tax,234858449.0,General Fund,2014
balance,Other Tax,36274305.0,General Fund,2014
balance,Licenses and Permits,7545673.0,General Fund,2014
balance,CPS Energy,292161885.0,General Fund,2014
balance,San Antonio Water System,11914324.0,General Fund,2014
balance,Charges for Services,57513223.0,General Fund,2014
balance,Fines & Forfeits,14369816.0,General Fund,2014
balance,Miscellaneous,10238829.0,General Fund,2014
balance,Subtotal Revenues,931376810.0,General Fund,2014
balance,Transfers from other funds,30224249.0,General Fund,2014
balance,TOTAL REVENUES,961601059.0,General Fund,2014
balance,TOTAL AVAILABLE FUNDS,996656848.0,General Fund,2014
appropriation,Administrative & Operational Excellence,62609242.0,General Fund,2014
appropriation,"Convention, Tourism & Culture",7957730.0,General Fund,2014
appropriation,Economic Development & Development Svcs,10688283.0,General Fund,2014
appropriation,Environmental 0,2011423.0,General Fund,2014
appropriation,Health & Human Services,83527739.0,General Fund,2014
appropriation,Neighborhood Services,44299050.0,General Fund,2014
appropriation,Parks & Recreation,43751471.0,General Fund,2014
appropriation,Public Safety,657222738.0,General Fund,2014
appropriation,Streets & Infrastructure,68747201.0,General Fund,2014
appropriation,Subtotal Appropriations,978803454.0,General Fund,2014
appropriation,Transfers to other funds,9453618.0,General Fund,2014
appropriation,TOTAL APPROPRIATIONS,988257072.0,General Fund,2014
appropriation,Financial Reserves (Incremental Amount),834650.0,General Fund,2014
appropriation,Reserve for Two-Year Budget Plan,7565127.0,General Fund,2014
appropriation,GROSS ENDING FUND BALANCE* $ 0,81838897.0,General Fund,2014
balance,BEGINNING BALANCE,216321090.0,Total All Funds,2014
revenue,Property Tax,406154972.0,Total All Funds,2014
revenue,Delinquent Property Tax,7724033.0,Total All Funds,2014
revenue,Sales Tax,307194038.0,Total All Funds,2014
revenue,Other Tax,113480167.0,Total All Funds,2014
revenue,Licenses and Permits,7545673.0,Total All Funds,2014
revenue,CPS Energy,292161885.0,Total All Funds,2014
revenue,San Antonio Water System,11914324.0,Total All Funds,2014
revenue,Charges for Services,373882987.0,Total All Funds,2014
revenue,Fines & Forfeits,16893305.0,Total All Funds,2014
revenue,Miscellaneous,16954892.0,Total All Funds,2014
revenue,Grants,139370892.0,Total All Funds,2014
revenue,Subtotal Revenues,1704516214.0,Total All Funds,2014
revenue,Transfers from other funds,145973586.0,Total All Funds,2014
revenue,TOTAL REVENUES,1850489800.0,Total All Funds,2014
revenue,TOTAL AVAILABLE FUNDS,2066810890.0,Total All Funds,2014
appropriation,Administrative & Operational Excellence,64119340.0,Total All Funds,2014
appropriation,"Convention, Tourism & Culture",75040498.0,Total All Funds,2014
appropriation,Economic Development & Development Svcs,115163240.0,Total All Funds,2014
appropriation,Environmental,95950037.0,Total All Funds,2014
appropriation,Health & Human Services,211340936.0,Total All Funds,2014
appropriation,Neighborhood Services,44896799.0,Total All Funds,2014
appropriation,Parks & Recreation,52496020.0,Total All Funds,2014
appropriation,Public Safety,675568054.0,Total All Funds,2014
appropriation,Streets & Infrastructure,106181374.0,Total All Funds,2014
appropriation,Debt Service,239476173.0,Total All Funds,2014
appropriation,Subtotal Appropriations,1680232470.0,Total All Funds,2014
appropriation,Transfers to other funds,223905092.0,Total All Funds,2014
appropriation,TOTAL APPROPRIATIONS,1904137563.0,Total All Funds,2014
appropriation,GROSS ENDING FUND BALANCE,162673327.0,Total All Funds,2014
balance,BEGINNING BALANCE,63240982.0,General Fund,2015
revenue,Property Tax,268477764.0,General Fund,2015
revenue,Delinquent Property Tax,4842353.0,General Fund,2015
revenue,Sales Tax,253371067.0,General Fund,2015
revenue,Other Tax,37691057.0,General Fund,2015
revenue,Licenses and Permits,7986740.0,General Fund,2015
revenue,CPS Energy,315962248.0,General Fund,2015
revenue,San Antonio Water System,13373971.0,General Fund,2015
revenue,Charges for Services,63574564.0,General Fund,2015
revenue,Fines & Forfeits,13449057.0,General Fund,2015
revenue,Miscellaneous,10347312.0,General Fund,2015
revenue,Subtotal Revenues,997164546.0,General Fund,2015
revenue,Transfers from other funds,34735760.0,General Fund,2015
revenue,TOTAL REVENUES,1031900306.0,General Fund,2015
revenue,TOTAL AVAILABLE FUNDS,1095141288.0,General Fund,2015
appropriation,Administrative & Operational Excellence,69980311.0,General Fund,2015
appropriation,"Convention, Tourism & Culture",1913091.0,General Fund,2015
appropriation,Economic Development & Development Svcs,15937694.0,General Fund,2015
appropriation,Environmental 0,2798402.0,General Fund,2015
appropriation,Health & Human Services,85018417.0,General Fund,2015
appropriation,Neighborhood Services,49230183.0,General Fund,2015
appropriation,Parks & Recreation,44899789.0,General Fund,2015
appropriation,Public Safety,690737098.0,General Fund,2015
appropriation,Streets & Infrastructure,82582187.0,General Fund,2015
appropriation,Subtotal Appropriations,1040298770.0,General Fund,2015
appropriation,Transfers to other funds,8006345.0,General Fund,2015
appropriation,TOTAL APPROPRIATIONS,1048305115.0,General Fund,2015
appropriation,Financial Reserves (Incremental Amount),14190339.0,General Fund,2015
appropriation,Reserve for Two-Year Budget Plan,32645834.0,General Fund,2015
appropriation,GROSS ENDING FUND BALANCE* $ 0,77035265.0,General Fund,2015
balance,BEGINNING BALANCE,249174568.0,Total All Funds,2015
revenue,Property Tax,428795806.0,Total All Funds,2015
revenue,Delinquent Property Tax,7732000.0,Total All Funds,2015
revenue,Sales Tax,328227850.0,Total All Funds,2015
revenue,Other Tax,118466798.0,Total All Funds,2015
revenue,Licenses and Permits,7986740.0,Total All Funds,2015
revenue,CPS Energy,315962248.0,Total All Funds,2015
revenue,San Antonio Water System,13373971.0,Total All Funds,2015
revenue,Charges for Services,390304048.0,Total All Funds,2015
revenue,Fines & Forfeits,15934397.0,Total All Funds,2015
revenue,Miscellaneous,17468133.0,Total All Funds,2015
revenue,Grants,136935692.0,Total All Funds,2015
revenue,Subtotal Revenues,1799075394.0,Total All Funds,2015
revenue,Transfers from other funds,184997960.0,Total All Funds,2015
revenue,TOTAL REVENUES,1984073354.0,Total All Funds,2015
revenue,TOTAL AVAILABLE FUNDS,2233247922.0,Total All Funds,2015
appropriation,Administrative & Operational Excellence,70177042.0,Total All Funds,2015
appropriation,"Convention, Tourism & Culture",71568208.0,Total All Funds,2015
appropriation,Economic Development,117134867.0,Total All Funds,2015
appropriation,Environmental,101340233.0,Total All Funds,2015
appropriation,Health & Human Services,228522632.0,Total All Funds,2015
appropriation,Neighborhood Services,52668074.0,Total All Funds,2015
appropriation,Parks & Recreation,53374005.0,Total All Funds,2015
appropriation,Public Safety,709876004.0,Total All Funds,2015
appropriation,Streets & Infrastructure,121188354.0,Total All Funds,2015
appropriation,Debt Service,254939795.0,Total All Funds,2015
appropriation,Subtotal Appropriations,1780789215.0,Total All Funds,2015
appropriation,Transfers to other funds,255526290.0,Total All Funds,2015
appropriation,TOTAL APPROPRIATIONS,2036315505.0,Total All Funds,2015
appropriation,GROSS ENDING FUND BALANCE,196932418.0,Total All Funds,2015
balance,BEGINNING BALANCE,63868294.0,General Fund,2016
revenue,Property Tax,293694785.0,General Fund,2016
revenue,Delinquent Property Tax,4857474.0,General Fund,2016
revenue,Sales Tax,274646415.0,General Fund,2016
revenue,Other Tax,38396970.0,General Fund,2016
revenue,Licenses and Permits,7859992.0,General Fund,2016
revenue,CPS Energy,335933940.0,General Fund,2016
revenue,San Antonio Water System,13896079.0,General Fund,2016
revenue,Charges for Services,59397276.0,General Fund,2016
revenue,Fines & Forfeits,12302770.0,General Fund,2016
revenue,Miscellaneous,10325645.0,General Fund,2016
revenue,Subtotal Revenues,1059327048.0,General Fund,2016
revenue,Transfers from other funds,36971686.0,General Fund,2016
revenue,TOTAL REVENUES,1096298734.0,General Fund,2016
revenue,TOTAL AVAILABLE FUNDS,1160167028.0,General Fund,2016
appropriation,Administrative & Operational Excellence,68839496.0,General Fund,2016
appropriation,"Convention, Tourism & Culture",1024596.0,General Fund,2016
appropriation,Economic Development & Development Svcs,18413123.0,General Fund,2016
appropriation,Environmental 0,2651769.0,General Fund,2016
appropriation,Health & Human Services,88411516.0,General Fund,2016
appropriation,Neighborhood Services,46323037.0,General Fund,2016
appropriation,Parks & Recreation,47126399.0,General Fund,2016
appropriation,Public Safety,730151125.0,General Fund,2016
appropriation,Streets & Infrastructure,86633763.0,General Fund,2016
appropriation,Subtotal Appropriations,1086923055.0,General Fund,2016
appropriation,Transfers to other funds,11755234.0,General Fund,2016
appropriation,TOTAL APPROPRIATIONS,1098678289.0,General Fund,2016
appropriation,Financial Reserves (Incremental Amount),6439372.0,General Fund,2016
appropriation,Reserve for Two-Year Budget Plan,55049367.0,General Fund,2016
appropriation,GROSS ENDING FUND BALANCE* $ 0,69092584.0,General Fund,2016
balance,BEGINNING BALANCE,366067737.0,Total All Funds,2016
revenue,Property Tax,472823450.0,Total All Funds,2016
revenue,Delinquent Property Tax,7747121.0,Total All Funds,2016
revenue,Sales Tax,358927871.0,Total All Funds,2016
revenue,Other Tax,123488285.0,Total All Funds,2016
revenue,Licenses and Permits,7859992.0,Total All Funds,2016
revenue,CPS Energy,335933940.0,Total All Funds,2016
revenue,San Antonio Water System,13896079.0,Total All Funds,2016
revenue,Charges for Services,394724742.0,Total All Funds,2016
revenue,Fines & Forfeits,14561490.0,Total All Funds,2016
revenue,Miscellaneous,18497209.0,Total All Funds,2016
revenue,Grants,138729517.0,Total All Funds,2016
revenue,Subtotal Revenues,1903013794.0,Total All Funds,2016
revenue,Transfers from other funds,204903052.0,Total All Funds,2016
revenue,TOTAL REVENUES,2107916846.0,Total All Funds,2016
revenue,TOTAL AVAILABLE FUNDS,2473984583.0,Total All Funds,2016
appropriation,Administrative & Operational Excellence,69031899.0,Total All Funds,2016
appropriation,"Convention, Tourism & Culture",75155884.0,Total All Funds,2016
appropriation,Economic Development,121335143.0,Total All Funds,2016
appropriation,Environmental,105768949.0,Total All Funds,2016
appropriation,Health & Human Services,241906729.0,Total All Funds,2016
appropriation,Neighborhood Services,49711819.0,Total All Funds,2016
appropriation,Parks & Recreation,56099729.0,Total All Funds,2016
appropriation,Public Safety,750098483.0,Total All Funds,2016
appropriation,Streets & Infrastructure,127063684.0,Total All Funds,2016
appropriation,Debt Service,285486806.0,Total All Funds,2016
appropriation,Subtotal Appropriations,1881659125.0,Total All Funds,2016
appropriation,Transfers to other funds,260002710.0,Total All Funds,2016
appropriation,TOTAL APPROPRIATIONS,2141661835.0,Total All Funds,2016
appropriation,GROSS ENDING FUND BALANCE,332322748.0,Total All Funds,2016
balance,BEGINNING BALANCE,69732647.0,General Fund,2017
revenue,Property Tax,317504778.0,General Fund,2017
revenue,Delinquent Property Tax,4871801.0,General Fund,2017
revenue,Sales Tax,275848790.0,General Fund,2017
revenue,Other Tax,39877998.0,General Fund,2017
revenue,Licenses and Permits,8809947.0,General Fund,2017
revenue,CPS Energy,342747851.0,General Fund,2017
revenue,San Antonio Water System,14374768.0,General Fund,2017
revenue,Charges for Services,60625858.0,General Fund,2017
revenue,Fines & Forfeits,12402492.0,General Fund,2017
revenue,Miscellaneous,11538529.0,General Fund,2017
revenue,Subtotal Revenues,1096251154.0,General Fund,2017
revenue,Transfers from other funds,39039262.0,General Fund,2017
revenue,TOTAL REVENUES,1135290416.0,General Fund,2017
revenue,TOTAL AVAILABLE FUNDS,1205023063.0,General Fund,2017
appropriation,Administrative & Operational Excellence,73719157.0,General Fund,2017
appropriation,"Convention, Tourism & Culture",2143870.0,General Fund,2017
appropriation,Economic Development & Development Svc,20030890.0,General Fund,2017
appropriation,Environmental 0,2759009.0,General Fund,2017
appropriation,Health & Human Services,93751847.0,General Fund,2017
appropriation,Neighborhood Services,50753479.0,General Fund,2017
appropriation,Parks & Recreation,49613054.0,General Fund,2017
appropriation,Public Safety,751162650.0,General Fund,2017
appropriation,Streets & Infrastructure,89147373.0,General Fund,2017
appropriation,Subtotal Appropriations,1130322320.0,General Fund,2017
appropriation,Transfers to other funds,13020919.0,General Fund,2017
appropriation,TOTAL APPROPRIATIONS,1143343239.0,General Fund,2017
appropriation,Financial Reserves (Incremental Amount),3899169.0,General Fund,2017
appropriation,Reserve for Two-Year Budget Plan,57780655.0,General Fund,2017
appropriation,GROSS ENDING FUND BALANCE* $ 0,48615911.0,General Fund,2017
balance,BEGINNING BALANCE,361622844.0,Total All Funds,2017
revenue,Property Tax,511155499.0,Total All Funds,2017
revenue,Delinquent Property Tax,7087329.0,Total All Funds,2017
revenue,Sales Tax,360800776.0,Total All Funds,2017
revenue,Other Tax,127363094.0,Total All Funds,2017
revenue,Licenses and Permits,8809947.0,Total All Funds,2017
revenue,CPS Energy,342747851.0,Total All Funds,2017
revenue,San Antonio Water System,14374768.0,Total All Funds,2017
revenue,Charges for Services,412546255.0,Total All Funds,2017
revenue,Fines & Forfeits,14472615.0,Total All Funds,2017
revenue,Miscellaneous,23091273.0,Total All Funds,2017
revenue,Grants,144840593.0,Total All Funds,2017
revenue,Subtotal Revenues,1982989107.0,Total All Funds,2017
revenue,Transfers from other funds,202161525.0,Total All Funds,2017
revenue,TOTAL REVENUES,2185150632.0,Total All Funds,2017
revenue,TOTAL AVAILABLE FUNDS,2546773476.0,Total All Funds,2017
appropriation,Administrative & Operational Excellence,80910110.0,Total All Funds,2017
appropriation,"Convention, Tourism & Culture",106551884.0,Total All Funds,2017
appropriation,Economic Development,127475405.0,Total All Funds,2017
appropriation,Environmental,111986309.0,Total All Funds,2017
appropriation,Health & Human Services,252154848.0,Total All Funds,2017
appropriation,Neighborhood Services,54380138.0,Total All Funds,2017
appropriation,Parks & Recreation,58824315.0,Total All Funds,2017
appropriation,Public Safety,775326437.0,Total All Funds,2017
appropriation,Streets & Infrastructure,132889517.0,Total All Funds,2017
appropriation,Debt Service,266243843.0,Total All Funds,2017
appropriation,Subtotal Appropriations,1966742806.0,Total All Funds,2017
appropriation,Transfers to other funds,314827099.0,Total All Funds,2017
appropriation,TOTAL APPROPRIATIONS,2281569905.0,Total All Funds,2017
appropriation,GROSS ENDING FUND BALANCE,265203571.0,Total All Funds,2017
balance,BEGINNING BALANCE,82444502.0,General Fund,2018
revenue,Property Tax,342164372.0,General Fund,2018
revenue,Delinquent Property Tax,4871801.0,General Fund,2018
revenue,Sales Tax,285213407.0,General Fund,2018
revenue,Other Tax,39200024.0,General Fund,2018
revenue,Licenses and Permits,9055174.0,General Fund,2018
revenue,CPS Energy,352469884.0,General Fund,2018
revenue,San Antonio Water System,16387483.0,General Fund,2018
revenue,Charges for Services,63381125.0,General Fund,2018
revenue,Fines & Forfeits,11950000.0,General Fund,2018
revenue,Miscellaneous,13941288.0,General Fund,2018
revenue,Subtotal Revenues,1145550342.0,General Fund,2018
revenue,Transfers from other funds,36709843.0,General Fund,2018
revenue,TOTAL REVENUES,1182260185.0,General Fund,2018
revenue,TOTAL AVAILABLE FUNDS,1264704687.0,General Fund,2018
appropriation,Administrative & Operational Excellence,76423315.0,General Fund,2018
appropriation,"Convention, Tourism & Culture",2089283.0,General Fund,2018
appropriation,Economic Development & Development Svc,21335084.0,General Fund,2018
appropriation,Environmental 0,3876382.0,General Fund,2018
appropriation,Health & Human Services,95740085.0,General Fund,2018
appropriation,Neighborhood Services,55114509.0,General Fund,2018
appropriation,Parks & Recreation,50807825.0,General Fund,2018
appropriation,Public Safety,776808415.0,General Fund,2018
appropriation,Streets & Infrastructure,104016860.0,General Fund,2018
appropriation,Subtotal Appropriations,1182335376.0,General Fund,2018
appropriation,Transfers to other funds,13781026.0,General Fund,2018
appropriation,TOTAL APPROPRIATIONS,1196116402.0,General Fund,2018
appropriation,Reserve for Two-Year Budget Plan,4696977.0,General Fund,2018
appropriation,GROSS ENDING FUND BALANCE*,63891308.0,General Fund,2018
balance,BEGINNING BALANCE,281086368.0,Total All Funds,2018
revenue,Property Tax,550855364.0,Total All Funds,2018
revenue,Delinquent Property Tax,7110401.0,Total All Funds,2018
revenue,Sales Tax,372325766.0,Total All Funds,2018
revenue,Other Tax,130707264.0,Total All Funds,2018
revenue,Licenses and Permits,9055174.0,Total All Funds,2018
revenue,CPS Energy,352469884.0,Total All Funds,2018
revenue,San Antonio Water System,16387483.0,Total All Funds,2018
revenue,Charges for Services,443898888.0,Total All Funds,2018
revenue,Fines & Forfeits,13863979.0,Total All Funds,2018
revenue,Miscellaneous,25262826.0,Total All Funds,2018
revenue,Grants,144711927.0,Total All Funds,2018
revenue,Subtotal Revenues,2083165621.0,Total All Funds,2018
revenue,Transfers from other funds,178027191.0,Total All Funds,2018
revenue,TOTAL REVENUES,2261192812.0,Total All Funds,2018
revenue,TOTAL AVAILABLE FUNDS,2542279180.0,Total All Funds,2018
appropriation,Administrative & Operational Excellence,84004309.0,Total All Funds,2018
appropriation,"Convention, Tourism & Culture",110548145.0,Total All Funds,2018
appropriation,Economic Development,128966856.0,Total All Funds,2018
appropriation,Environmental,116758545.0,Total All Funds,2018
appropriation,Health & Human Services,259255763.0,Total All Funds,2018
appropriation,Neighborhood Services,58699737.0,Total All Funds,2018
appropriation,Parks & Recreation,60250383.0,Total All Funds,2018
appropriation,Public Safety,803160880.0,Total All Funds,2018
appropriation,Streets & Infrastructure,148308198.0,Total All Funds,2018
appropriation,Debt Service,284186979.0,Total All Funds,2018
appropriation,Subtotal Appropriations,2054139795.0,Total All Funds,2018
appropriation,Transfers to other funds,222463764.0,Total All Funds,2018
appropriation,TOTAL APPROPRIATIONS,2276603559.0,Total All Funds,2018
appropriation,GROSS ENDING FUND BALANCE,260978644.0,Total All Funds,2018
balance,BEGINNING BALANCE,100807147.0,General Fund,2019
revenue,Property Tax,361881034.0,General Fund,2019
revenue,Delinquent Property Tax,2832210.0,General Fund,2019
revenue,Sales Tax,295298361.0,General Fund,2019
revenue,Other Tax,37263953.0,General Fund,2019
revenue,Licenses and Permits,9287323.0,General Fund,2019
revenue,CPS Energy,363043981.0,General Fund,2019
revenue,San Antonio Water System,18267512.0,General Fund,2019
revenue,Charges for Services,67276064.0,General Fund,2019
revenue,Fines & Forfeits,11729139.0,General Fund,2019
revenue,Miscellaneous,19067934.0,General Fund,2019
revenue,Subtotal Revenues,1190978484.0,General Fund,2019
revenue,Transfers from other funds,38258037.0,General Fund,2019
revenue,TOTAL REVENUES,1229236521.0,General Fund,2019
revenue,TOTAL AVAILABLE FUNDS,1330043668.0,General Fund,2019
appropriation,Administrative & Operational Excellence,81495975.0,General Fund,2019
appropriation,"Convention, Tourism & Culture",2405875.0,General Fund,2019
appropriation,Economic Development & Development Svc,21645932.0,General Fund,2019
appropriation,Environmental 0,3783131.0,General Fund,2019
appropriation,Health & Human Services,98291686.0,General Fund,2019
appropriation,Neighborhood Services,66264782.0,General Fund,2019
appropriation,Parks & Recreation,52739179.0,General Fund,2019
appropriation,Public Safety,794381495.0,General Fund,2019
appropriation,Streets & Infrastructure,129931788.0,General Fund,2019
appropriation,Subtotal Appropriations,1247156712.0,General Fund,2019
appropriation,Transfers to other funds,13839518.0,General Fund,2019
appropriation,TOTAL APPROPRIATIONS,1260996230.0,General Fund,2019
appropriation,Financial Reserves (Incremental Amount),4697633.0,General Fund,2019
appropriation,Reserve for Two-Year Budget Plan,64349805.0,General Fund,2019
appropriation,GROSS ENDING FUND BALANCE* $ 0,70459993.0,General Fund,2019
balance,BEGINNING BALANCE,294294113.0,Total All Funds,2019
revenue,Property Tax,582597471.0,Total All Funds,2019
revenue,Delinquent Property Tax,4560370.0,Total All Funds,2019
revenue,Sales Tax,386248123.0,Total All Funds,2019
revenue,Other Tax,131089018.0,Total All Funds,2019
revenue,Licenses and Permits,9287323.0,Total All Funds,2019
revenue,CPS Energy,363043981.0,Total All Funds,2019
revenue,San Antonio Water System,18267512.0,Total All Funds,2019
revenue,Charges for Services,465340450.0,Total All Funds,2019
revenue,Fines & Forfeits,13647320.0,Total All Funds,2019
revenue,Miscellaneous,34215193.0,Total All Funds,2019
revenue,Grants,153339052.0,Total All Funds,2019
revenue,Subtotal Revenues,2176532841.0,Total All Funds,2019
revenue,Transfers from other funds,175138331.0,Total All Funds,2019
revenue,TOTAL REVENUES,2351671172.0,Total All Funds,2019
revenue,TOTAL AVAILABLE FUNDS,2645965285.0,Total All Funds,2019
appropriation,Administrative & Operational Excellence,84407350.0,Total All Funds,2019
appropriation,"Convention, Tourism & Culture",111808706.0,Total All Funds,2019
appropriation,Economic Development,127775381.0,Total All Funds,2019
appropriation,Environmental,122466392.0,Total All Funds,2019
appropriation,Health & Human Services,280964935.0,Total All Funds,2019
appropriation,Neighborhood Services,69859767.0,Total All Funds,2019
appropriation,Parks & Recreation,62309191.0,Total All Funds,2019
appropriation,Public Safety,818700884.0,Total All Funds,2019
appropriation,Streets & Infrastructure,175852592.0,Total All Funds,2019
appropriation,Debt Service,296064713.0,Total All Funds,2019
appropriation,Subtotal Appropriations,2150209911.0,Total All Funds,2019
appropriation,Transfers to other funds,235818028.0,Total All Funds,2019
appropriation,TOTAL APPROPRIATIONS,2386027939.0,Total All Funds,2019
appropriation,GROSS ENDING FUND BALANCE,190889908.0,Total All Funds,2019
balance,BEGINNING BALANCE,101796053.0,General Fund,2020
revenue,Property Tax,381309591.0,General Fund,2020
revenue,Delinquent Property Tax,3832210.0,General Fund,2020
revenue,Sales Tax,313112000.0,General Fund,2020
revenue,Other Tax,30360452.0,General Fund,2020
revenue,Licenses and Permits,9244320.0,General Fund,2020
revenue,CPS Energy,353708823.0,General Fund,2020
revenue,San Antonio Water System,29204702.0,General Fund,2020
revenue,Charges for Services,68950229.0,General Fund,2020
revenue,Fines & Forfeits,10316186.0,General Fund,2020
revenue,Miscellaneous,19736371.0,General Fund,2020
revenue,Subtotal Revenues,1225179602.0,General Fund,2020
revenue,Transfers from other funds,40042654.0,General Fund,2020
revenue,TOTAL REVENUES,1265222256.0,General Fund,2020
revenue,TOTAL AVAILABLE FUNDS,1367018309.0,General Fund,2020
appropriation,Administrative & Operational Excellence,84319963.0,General Fund,2020
appropriation,"Convention, Tourism & Culture",3036294.0,General Fund,2020
appropriation,Economic Development & Development Svc,20561544.0,General Fund,2020
appropriation,Environmental 0,3739733.0,General Fund,2020
appropriation,Health & Human Services,103802058.0,General Fund,2020
appropriation,Neighborhood Services,66891675.0,General Fund,2020
appropriation,Parks & Recreation,51638142.0,General Fund,2020
appropriation,Public Safety,820248257.0,General Fund,2020
appropriation,Streets & Infrastructure,111723590.0,General Fund,2020
appropriation,Subtotal Appropriations,1262221523.0,General Fund,2020
appropriation,Transfers to other funds,16206647.0,General Fund,2020
appropriation,TOTAL APPROPRIATIONS,1278428170.0,General Fund,2020
appropriation,Financial Reserves (Incremental Amount),3598574.0,General Fund,2020
appropriation,Reserves for Two-Year Balanced Budget,79696503.0,General Fund,2020
appropriation,Reserve for Year 2 of the FY,2020.0,General Fund,2020
appropriation,Amendments,3294707.0,General Fund,2020
appropriation,Reserve for Impact of Senate Bill 2,2000356.0,General Fund,2020
appropriation,GROSS ENDING FUND BALANCE* $ 0,51491777.0,General Fund,2020
balance,BEGINNING BALANCE,288026655.0,Total All Funds,2020
revenue,Property Tax,613878366.0,Total All Funds,2020
revenue,Delinquent Property Tax,5608210.0,Total All Funds,2020
revenue,Sales Tax,408897040.0,Total All Funds,2020
revenue,Other Tax,129065081.0,Total All Funds,2020
revenue,Licenses and Permits,9244320.0,Total All Funds,2020
revenue,CPS Energy,353708823.0,Total All Funds,2020
revenue,San Antonio Water System,29204702.0,Total All Funds,2020
revenue,Charges for Services,494930479.0,Total All Funds,2020
revenue,Fines & Forfeits,12035785.0,Total All Funds,2020
revenue,Miscellaneous,32702100.0,Total All Funds,2020
revenue,Grants,174219466.0,Total All Funds,2020
revenue,Subtotal Revenues,2279550354.0,Total All Funds,2020
revenue,Transfers from other funds,187343729.0,Total All Funds,2020
revenue,TOTAL REVENUES,2466894082.0,Total All Funds,2020
revenue,TOTAL AVAILABLE FUNDS,2754920737.0,Total All Funds,2020
appropriation,Administrative & Operational Excellence,90227555.0,Total All Funds,2020
appropriation,"Convention, Tourism & Culture",117543716.0,Total All Funds,2020
appropriation,Economic Development,137770856.0,Total All Funds,2020
appropriation,Environmental,126772750.0,Total All Funds,2020
appropriation,Health & Human Services,303327531.0,Total All Funds,2020
appropriation,Neighborhood Services,70597769.0,Total All Funds,2020
appropriation,Parks & Recreation,64974243.0,Total All Funds,2020
appropriation,Public Safety,846777561.0,Total All Funds,2020
appropriation,Streets & Infrastructure,159208389.0,Total All Funds,2020
appropriation,Debt Service,299608361.0,Total All Funds,2020
appropriation,Subtotal Appropriations,2216808731.0,Total All Funds,2020
appropriation,Transfers to other funds,283634262.0,Total All Funds,2020
appropriation,TOTAL APPROPRIATIONS,2500442993.0,Total All Funds,2020
appropriation,GROSS ENDING FUND BALANCE,165887605.0,Total All Funds,2020
balance,BEGINNING BALANCE,138465590.0,General Fund,2021
revenue,Property Tax,397924456.0,General Fund,2021
revenue,Delinquent Property Tax,3832210.0,General Fund,2021
revenue,Sales Tax,295399577.0,General Fund,2021
revenue,Other Tax,28910936.0,General Fund,2021
revenue,Licenses and Permits,8835282.0,General Fund,2021
revenue,CPS Energy,351524046.0,General Fund,2021
revenue,San Antonio Water System,29395216.0,General Fund,2021
revenue,Charges for Services,62228482.0,General Fund,2021
revenue,Fines & Forfeits,8079522.0,General Fund,2021
revenue,Miscellaneous,13594731.0,General Fund,2021
revenue,Subtotal Revenues,1204660367.0,General Fund,2021
revenue,Transfers from other funds,36812385.0,General Fund,2021
revenue,TOTAL REVENUES,1241472752.0,General Fund,2021
revenue,TOTAL AVAILABLE FUNDS,1379938342.0,General Fund,2021
appropriation,Administrative & Operational Excellence,85185560.0,General Fund,2021
appropriation,"Convention, Tourism & Culture",2776311.0,General Fund,2021
appropriation,Economic Development & Development Svc,20571444.0,General Fund,2021
appropriation,Environmental 0,3181280.0,General Fund,2021
appropriation,Health & Human Services,107845060.0,General Fund,2021
appropriation,Neighborhood Services,69198480.0,General Fund,2021
appropriation,Parks & Recreation,50033248.0,General Fund,2021
appropriation,Public Safety,826952886.0,General Fund,2021
appropriation,Streets & Infrastructure,97947253.0,General Fund,2021
appropriation,Subtotal Appropriations,1260510242.0,General Fund,2021
appropriation,Transfers to other funds,26836999.0,General Fund,2021
appropriation,TOTAL APPROPRIATIONS,1287347241.0,General Fund,2021
appropriation,Reserve for COPS Grant,3000000.0,General Fund,2021
appropriation,Reserve for Two-Year Budget Plan,89591101.0,General Fund,2021
appropriation,GROSS ENDING FUND BALANCE* $ 0,39471772.0,General Fund,2021
balance,BEGINNING BALANCE,334092571.0,Total All Funds,2021
revenue,Property Tax,640624293.0,Total All Funds,2021
revenue,Delinquent Property Tax,5608210.0,Total All Funds,2021
revenue,Sales Tax,362839178.0,Total All Funds,2021
revenue,Other Tax,93183014.0,Total All Funds,2021
revenue,Licenses and Permits,8835282.0,Total All Funds,2021
revenue,CPS Energy,351524046.0,Total All Funds,2021
revenue,San Antonio Water System,29395216.0,Total All Funds,2021
revenue,Charges for Services,414765770.0,Total All Funds,2021
revenue,Fines & Forfeits,9360567.0,Total All Funds,2021
revenue,Miscellaneous,25923806.0,Total All Funds,2021
revenue,Grants,278842490.0,Total All Funds,2021
revenue,Subtotal Revenues,2233783972.0,Total All Funds,2021
revenue,Transfers from other funds,161721117.0,Total All Funds,2021
revenue,TOTAL REVENUES,2395505090.0,Total All Funds,2021
revenue,TOTAL AVAILABLE FUNDS,2729597661.0,Total All Funds,2021
appropriation,Administrative & Operational Excellence,91120716.0,Total All Funds,2021
appropriation,"Convention, Tourism & Culture",98306324.0,Total All Funds,2021
appropriation,Economic Development,128909666.0,Total All Funds,2021
appropriation,Environmental,124938044.0,Total All Funds,2021
appropriation,Health & Human Services,404134750.0,Total All Funds,2021
appropriation,Neighborhood Services,72423646.0,Total All Funds,2021
appropriation,Parks & Recreation,62527436.0,Total All Funds,2021
appropriation,Public Safety,857070719.0,Total All Funds,2021
appropriation,Streets & Infrastructure,145038465.0,Total All Funds,2021
appropriation,Debt Service,301908095.0,Total All Funds,2021
appropriation,Subtotal Appropriations,2286377862.0,Total All Funds,2021
appropriation,Transfers to other funds,210686478.0,Total All Funds,2021
appropriation,TOTAL APPROPRIATIONS,2497064340.0,Total All Funds,2021
appropriation,GROSS ENDING FUND BALANCE,142942219.0,Total All Funds,2021
balance,BEGINNING BALANCE,154060841.0,General Fund,2022
revenue,Property Tax,410350992.0,General Fund,2022
revenue,Delinquent Property Tax,1561488.0,General Fund,2022
revenue,Sales Tax,336556846.0,General Fund,2022
revenue,Other Tax,30240331.0,General Fund,2022
revenue,Licenses and Permits,9109942.0,General Fund,2022
revenue,CPS Energy,361234586.0,General Fund,2022
revenue,San Antonio Water System,30795247.0,General Fund,2022
revenue,Charges for Services,54595407.0,General Fund,2022
revenue,Fines and Forfeits,8305887.0,General Fund,2022
revenue,Miscellaneous,14062462.0,General Fund,2022
revenue,Subtotal Revenues,1262473104.0,General Fund,2022
revenue,Transfer from ARPA,30000000.0,General Fund,2022
revenue,Transfers from Other Funds,38461590.0,General Fund,2022
revenue,TOTAL REVENUES,1330934694.0,General Fund,2022
revenue,TOTAL AVAILABLE FUNDS,1484995535.0,General Fund,2022
appropriation,Administrative & Operational Excellence,94369040.0,General Fund,2022
appropriation,"Convention, Tourism & Culture",2678556.0,General Fund,2022
appropriation,Economic Development,23799088.0,General Fund,2022
appropriation,Environmental 0,3148788.0,General Fund,2022
appropriation,Health and Human Services,121581412.0,General Fund,2022
appropriation,Neighborhood Services,77398476.0,General Fund,2022
appropriation,Parks and Recreation,53840397.0,General Fund,2022
appropriation,Public Safety,859843170.0,General Fund,2022
appropriation,Streets and Infrastructure,97286786.0,General Fund,2022
appropriation,Subtotal Appropriations,1330796925.0,General Fund,2022
appropriation,Transfers to other funds,26720133.0,General Fund,2022
appropriation,TOTAL APPROPRIATIONS,1357517058.0,General Fund,2022
appropriation,Financial Reserves (Incremental Amount),3374015.0,General Fund,2022
appropriation,Reserve for COPS Grant,2600000.0,General Fund,2022
appropriation,Reserve for Health Strategic Plan Implementation,2000000.0,General Fund,2022
appropriation,Reserve for Two-Year Budget Plan,119504462.0,General Fund,2022
appropriation,GROSS ENDING FUND BALANCE* $ 0,55689977.0,General Fund,2022
balance,BEGINNING BALANCE,389849710.0,Total All Funds,2022
revenue,Property Tax,660629951.0,Total All Funds,2022
revenue,Delinquent Property Tax,3337488.0,Total All Funds,2022
revenue,Sales Tax,436251815.0,Total All Funds,2022
revenue,Other Tax,103817678.0,Total All Funds,2022
revenue,Licenses and Permits,9109942.0,Total All Funds,2022
revenue,CPS Energy,361234586.0,Total All Funds,2022
revenue,San Antonio Water System,30795247.0,Total All Funds,2022
revenue,Charges for Services,479416564.0,Total All Funds,2022
revenue,Fines and Forfeits,9376649.0,Total All Funds,2022
revenue,Miscellaneous,18779968.0,Total All Funds,2022
revenue,Grants,378497340.0,Total All Funds,2022
revenue,Subtotal Revenues,2504632218.0,Total All Funds,2022
revenue,Transfer from ARPA,65603945.0,Total All Funds,2022
revenue,Transfers from Other Funds,196760241.0,Total All Funds,2022
revenue,TOTAL REVENUES,2766996405.0,Total All Funds,2022
revenue,TOTAL AVAILABLE FUNDS,3156846115.0,Total All Funds,2022
appropriation,Administrative & Operational Excellence,94610723.0,Total All Funds,2022
appropriation,"Convention, Tourism & Culture",113993187.0,Total All Funds,2022
appropriation,Economic Development,196343337.0,Total All Funds,2022
appropriation,Environmental,128955355.0,Total All Funds,2022
appropriation,Health and Human Services,362272977.0,Total All Funds,2022
appropriation,Neighborhood Services,160811750.0,Total All Funds,2022
appropriation,Parks and Recreation,66934129.0,Total All Funds,2022
appropriation,Public Safety,881625624.0,Total All Funds,2022
appropriation,Streets and Infrastructure,152332376.0,Total All Funds,2022
appropriation,Debt Service,316237355.0,Total All Funds,2022
appropriation,Subtotal Appropriations,2474116813.0,Total All Funds,2022
appropriation,Transfers to other funds,374268657.0,Total All Funds,2022
appropriation,TOTAL APPROPRIATIONS,2848385470.0,Total All Funds,2022
appropriation,GROSS ENDING FUND BALANCE,180982168.0,Total All Funds,2022
balance,BEGINNING BALANCE,221840081.0,General Fund,2023
revenue,Property Tax,434832046.0,General Fund,2023
revenue,Delinquent Property Tax,3962000.0,General Fund,2023
revenue,Sales Tax,387472520.0,General Fund,2023
revenue,Other Tax,30635459.0,General Fund,2023
revenue,Licenses and Permits,9713776.0,General Fund,2023
revenue,CPS Energy,391778870.0,General Fund,2023
revenue,San Antonio Water System,31440353.0,General Fund,2023
revenue,Charges for Services,66623115.0,General Fund,2023
revenue,Fines and Forfeits,6267665.0,General Fund,2023
revenue,Miscellaneous,23039766.0,General Fund,2023
revenue,Subtotal Revenues,1391937883.0,General Fund,2023
revenue,Transfer from ARPA,16500000.0,General Fund,2023
revenue,Transfers from Other Funds,43740850.0,General Fund,2023
revenue,TOTAL REVENUES,1452178733.0,General Fund,2023
revenue,TOTAL AVAILABLE FUNDS,1674018814.0,General Fund,2023
appropriation,Administrative & Operational Excellence,106491163.0,General Fund,2023
appropriation,"Convention, Tourism & Culture",3084923.0,General Fund,2023
appropriation,Economic Development & Development Svcs,21337004.0,General Fund,2023
appropriation,Environmental 0,15695228.0,General Fund,2023
appropriation,Health and Human Services,141457004.0,General Fund,2023
appropriation,Neighborhood Services,85869368.0,General Fund,2023
appropriation,Parks and Recreation,61884356.0,General Fund,2023
appropriation,Public Safety,904719267.0,General Fund,2023
appropriation,Streets and Infrastructure,115090293.0,General Fund,2023
appropriation,Subtotal Appropriations,1439933378.0,General Fund,2023
appropriation,Transfers to other funds,70841324.0,General Fund,2023
appropriation,TOTAL APPROPRIATIONS,1510774702.0,General Fund,2023
appropriation,Financial Reserves (Incremental Amount),13474404.0,General Fund,2023
appropriation,Reserve for COPS Grant,3000000.0,General Fund,2023
appropriation,Reserve for Metro Health SA Forward,1211437.0,General Fund,2023
appropriation,Reserve for Two-Year Budget Plan,145558271.0,General Fund,2023
appropriation,GROSS ENDING FUND BALANCE* $ 0,90997761.0,General Fund,2023
balance,BEGINNING BALANCE,484630379.0,Total All Funds,2023
revenue,Property Tax,713426991.0,Total All Funds,2023
revenue,Delinquent Property Tax,6500000.0,Total All Funds,2023
revenue,Sales Tax,505412667.0,Total All Funds,2023
revenue,Other Tax,134026519.0,Total All Funds,2023
revenue,Licenses and Permits,9713776.0,Total All Funds,2023
revenue,CPS Energy,391778870.0,Total All Funds,2023
revenue,San Antonio Water System,31440353.0,Total All Funds,2023
revenue,Charges for Services,527469409.0,Total All Funds,2023
revenue,Fines and Forfeits,7374956.0,Total All Funds,2023
revenue,Miscellaneous,33057088.0,Total All Funds,2023
revenue,Grants,410786343.0,Total All Funds,2023
revenue,Subtotal Revenues,2783619941.0,Total All Funds,2023
revenue,Transfer from ARPA,16500000.0,Total All Funds,2023
revenue,Transfers from Other Funds,188123316.0,Total All Funds,2023
revenue,TOTAL REVENUES,2988243257.0,Total All Funds,2023
revenue,TOTAL AVAILABLE FUNDS,3472873635.0,Total All Funds,2023
appropriation,Administrative & Operational Excellence,107801582.0,Total All Funds,2023
appropriation,"Convention, Tourism & Culture",142510544.0,Total All Funds,2023
appropriation,Economic Development,259081035.0,Total All Funds,2023
appropriation,Environmental,152626092.0,Total All Funds,2023
appropriation,Health and Human Services,441616735.0,Total All Funds,2023
appropriation,Neighborhood Services,117781960.0,Total All Funds,2023
appropriation,Parks and Recreation,74418271.0,Total All Funds,2023
appropriation,Public Safety,926802907.0,Total All Funds,2023
appropriation,Streets and Infrastructure,192014784.0,Total All Funds,2023
appropriation,Debt Service,348648466.0,Total All Funds,2023
appropriation,Subtotal Appropriations,2763302376.0,Total All Funds,2023
appropriation,Transfers to other funds,351992523.0,Total All Funds,2023
appropriation,TOTAL APPROPRIATIONS,3115294899.0,Total All Funds,2023
appropriation,GROSS ENDING FUND BALANCE,194334624.0,Total All Funds,2023
balance,BEGINNING BALANCE,261694129.0,General Fund,2024
revenue,Property Tax,465886509.0,General Fund,2024
revenue,Delinquent Property Tax,7434802.0,General Fund,2024
revenue,Sales Tax,411560114.0,General Fund,2024
revenue,Other Tax,31263103.0,General Fund,2024
revenue,Licenses and Permits,10171841.0,General Fund,2024
revenue,CPS Energy,421003510.0,General Fund,2024
revenue,San Antonio Water System,33159790.0,General Fund,2024
revenue,Charges for Services,70623552.0,General Fund,2024
revenue,Fines and Forfeits,9192717.0,General Fund,2024
revenue,Miscellaneous,28147473.0,General Fund,2024
revenue,Subtotal Revenues,1495230093.0,General Fund,2024
revenue,Transfer from ARPA,4421018.0,General Fund,2024
revenue,Transfers from Other Funds,45224377.0,General Fund,2024
revenue,TOTAL REVENUES,1544875488.0,General Fund,2024
revenue,TOTAL AVAILABLE FUNDS,1806569617.0,General Fund,2024
appropriation,Administrative & Operational Excellence,114169325.0,General Fund,2024
appropriation,"Convention, Tourism & Culture",4505020.0,General Fund,2024
appropriation,Economic Development & Development Svcs,22905834.0,General Fund,2024
appropriation,Environmental 0,17022615.0,General Fund,2024
appropriation,Health and Human Services,158579467.0,General Fund,2024
appropriation,Neighborhood Services,99441698.0,General Fund,2024
appropriation,Parks and Recreation,67510987.0,General Fund,2024
appropriation,Public Safety,967039337.0,General Fund,2024
appropriation,Streets and Infrastructure,124842317.0,General Fund,2024
appropriation,Subtotal Appropriations,1558993985.0,General Fund,2024
appropriation,Transfers to other funds,43467712.0,General Fund,2024
appropriation,TOTAL APPROPRIATIONS,1602461697.0,General Fund,2024
appropriation,Financial Reserves (Incremental Amount),10477574.0,General Fund,2024
appropriation,Reserve for Two-Year Budget Plan,184329202.0,General Fund,2024
appropriation,Reserve for Metro Health SA Forward,5801144.0,General Fund,2024
appropriation,Reserve for Community Safety,3500000.0,General Fund,2024
appropriation,GROSS ENDING FUND BALANCE* $ 0,213618970.0,General Fund,2024
appropriation,1 The total FY,2024.0,General Fund,2024
balance,BEGINNING BALANCE,575770201.0,Total All Funds,2024
balance,Property Tax,764395997.0,Total All Funds,2024
balance,Delinquent Property Tax,12198000.0,Total All Funds,2024
balance,Sales Tax,540188115.0,Total All Funds,2024
balance,Other Tax,140973604.0,Total All Funds,2024
balance,Licenses and Permits,10171841.0,Total All Funds,2024
balance,CPS Energy,421003510.0,Total All Funds,2024
balance,San Antonio Water System,33159790.0,Total All Funds,2024
balance,Charges for Services,574923017.0,Total All Funds,2024
balance,Fines and Forfeits,10579977.0,Total All Funds,2024
balance,Miscellaneous,42176347.0,Total All Funds,2024
balance,Grants,380151198.0,Total All Funds,2024
balance,Subtotal Revenues,2949662641.0,Total All Funds,2024
balance,Transfer from ARPA,11408077.0,Total All Funds,2024
balance,Transfers from Other Funds,205588650.0,Total All Funds,2024
balance,TOTAL REVENUES,3166659367.0,Total All Funds,2024
balance,TOTAL AVAILABLE FUNDS,3742429568.0,Total All Funds,2024
balance,Administrative & Operational Excellence,117888195.0,Total All Funds,2024
balance,"Convention, Tourism & Culture",137802664.0,Total All Funds,2024
balance,Economic Development,230577938.0,Total All Funds,2024
balance,Environmental,160442789.0,Total All Funds,2024
balance,Health and Human Services,489406843.0,Total All Funds,2024
balance,Neighborhood Services,150703597.0,Total All Funds,2024
balance,Parks and Recreation,80492066.0,Total All Funds,2024
balance,Public Safety,1008976185.0,Total All Funds,2024
balance,Streets and Infrastructure,188447730.0,Total All Funds,2024
balance,Subtotal Appropriations,2941629830.0,Total All Funds,2024
balance,Transfers to other funds,286636829.0,Total All Funds,2024
balance,TOTAL APPROPRIATIONS,3228266659.0,Total All Funds,2024
balance,Financial Reserves (Incremental Amount),10477574.0,Total All Funds,2024
balance,Reserve for Two-Year Budget Plan,184329202.0,Total All Funds,2024
balance,Reserve for Metro Health SA Forward,5801144.0,Total All Funds,2024
balance,Reserve for Community Safety,3500000.0,Total All Funds,2024
balance,GROSS ENDING FUND BALANCE,310054989.0,Total All Funds,2024
balance,of which $4.4 million is transferred to the General Fund and $7,391559275.0,Total All Funds,2024
balance,BEGINNING BALANCE,214541201.0,General Fund,2025
revenue,Property Tax,481670438.0,General Fund,2025
revenue,Delinquent Property Tax,5498210.0,General Fund,2025
revenue,Sales Tax,415158541.0,General Fund,2025
revenue,Other Tax,28895719.0,General Fund,2025
revenue,Licenses and Permits,13064544.0,General Fund,2025
revenue,CPS Energy,454970000.0,General Fund,2025
revenue,San Antonio Water System,34605128.0,General Fund,2025
revenue,Charges for Services,75791817.0,General Fund,2025
revenue,Fines and Forfeits,10071575.0,General Fund,2025
revenue,Miscellaneous,36645040.0,General Fund,2025
revenue,Subtotal Revenues,1562731684.0,General Fund,2025
revenue,Transfer from ARPA,6933191.0,General Fund,2025
revenue,Transfers from Other Funds,47788942.0,General Fund,2025
revenue,TOTAL REVENUES,1617453817.0,General Fund,2025
revenue,TOTAL AVAILABLE FUNDS,1831995018.0,General Fund,2025
appropriation,Administrative & Operational Excellence,98893057.0,General Fund,2025
appropriation,"Convention, Tourism & Culture",24269405.0,General Fund,2025
appropriation,Economic Development & Development Svcs,23574047.0,General Fund,2025
appropriation,Environmental 0,21908970.0,General Fund,2025
appropriation,Health and Human Services,164556668.0,General Fund,2025
appropriation,Neighborhood Services,103787052.0,General Fund,2025
appropriation,Parks and Recreation,73667054.0,General Fund,2025
appropriation,Public Safety,1024979628.0,General Fund,2025
appropriation,Streets and Infrastructure,125425380.0,General Fund,2025
appropriation,Subtotal Appropriations,1639152291.0,General Fund,2025
appropriation,Transfers to other funds,29031815.0,General Fund,2025
appropriation,TOTAL APPROPRIATIONS,1668184106.0,General Fund,2025
appropriation,Financial Reserves (Incremental Amount),7699935.0,General Fund,2025
appropriation,Reserve for Two-Year Budget Plan,145800694.0,General Fund,2025
appropriation,Reserve for Community Safety,3080000.0,General Fund,2025
appropriation,Reserve for Fire CBA,7230283.0,General Fund,2025
appropriation,GROSS ENDING FUND BALANCE1 $ 0,180972292.0,General Fund,2025
balance,BEGINNING BALANCE,550648002.0,Total All Funds,2025
revenue,Property Tax,790293231.0,Total All Funds,2025
revenue,Delinquent Property Tax,9020568.0,Total All Funds,2025
revenue,Sales Tax,548003504.0,Total All Funds,2025
revenue,Other Tax,143534454.0,Total All Funds,2025
revenue,Licenses and Permits,13064544.0,Total All Funds,2025
revenue,CPS Energy,454970000.0,Total All Funds,2025
revenue,San Antonio Water System,34605128.0,Total All Funds,2025
revenue,Charges for Services,627870324.0,Total All Funds,2025
revenue,Fines and Forfeits,11706924.0,Total All Funds,2025
revenue,Miscellaneous,56526553.0,Total All Funds,2025
revenue,Grants,373060863.0,Total All Funds,2025
revenue,Subtotal Revenues,3077580836.0,Total All Funds,2025
revenue,Transfer from ARPA,6933191.0,Total All Funds,2025
revenue,Transfers from Other Funds,232969109.0,Total All Funds,2025
revenue,TOTAL REVENUES,3317483136.0,Total All Funds,2025
revenue,TOTAL AVAILABLE FUNDS,3868131138.0,Total All Funds,2025
appropriation,Administrative & Operational Excellence,104417028.0,Total All Funds,2025
appropriation,"Convention, Tourism & Culture",189807496.0,Total All Funds,2025
appropriation,Economic Development,244178418.0,Total All Funds,2025
appropriation,Environmental,174813650.0,Total All Funds,2025
appropriation,Health and Human Services,506095886.0,Total All Funds,2025
appropriation,Neighborhood Services,140342595.0,Total All Funds,2025
appropriation,Parks and Recreation,85365503.0,Total All Funds,2025
appropriation,Public Safety,1063172831.0,Total All Funds,2025
appropriation,Streets and Infrastructure,196065605.0,Total All Funds,2025
appropriation,Debt Service,392126157.0,Total All Funds,2025
appropriation,Subtotal Appropriations,3096385169.0,Total All Funds,2025
appropriation,Transfers to other funds,337083734.0,Total All Funds,2025
appropriation,TOTAL APPROPRIATIONS,3433468903.0,Total All Funds,2025
appropriation,Financial Reserves (Incremental Amount),7699935.0,Total All Funds,2025
appropriation,Reserve for Two-Year Budget Plan,145800694.0,Total All Funds,2025
appropriation,Reserve for Community Safety,3080000.0,Total All Funds,2025
appropriation,Reserve for Fire CBA,7230283.0,Total All Funds,2025
appropriation,GROSS ENDING FUND BALANCE,270851323.0,Total All Funds,2025
balance,BEGINNING BALANCE $ 2,15631021.0,General Fund,2026
revenue,Property Tax,472393971.0,General Fund,2026
revenue,Delinquent Property Tax,5498210.0,General Fund,2026
revenue,Sales Tax,419235221.0,General Fund,2026
revenue,Other Tax,26161452.0,General Fund,2026
revenue,Licenses and Permits,13247328.0,General Fund,2026
revenue,CPS Energy,504423337.0,General Fund,2026
revenue,San Antonio Water System,36292834.0,General Fund,2026
revenue,Charges for Services,73590731.0,General Fund,2026
revenue,Fines and Forfeits,12458028.0,General Fund,2026
revenue,Miscellaneous,28347948.0,General Fund,2026
revenue,Subtotal Revenues,1597035847.0,General Fund,2026
revenue,Transfers from Other Funds,55341274.0,General Fund,2026
revenue,TOTAL REVENUES,1652377121.0,General Fund,2026
revenue,TOTAL AVAILABLE FUNDS,1868008142.0,General Fund,2026
appropriation,Administrative & Operational Excellence,101669930.0,General Fund,2026
appropriation,"Convention, Tourism & Culture",19711782.0,General Fund,2026
appropriation,Economic Development & Development Svcs,21024202.0,General Fund,2026
appropriation,Environmental 0,11062827.0,General Fund,2026
appropriation,Health and Human Services,160217601.0,General Fund,2026
appropriation,Neighborhood Services,101537639.0,General Fund,2026
appropriation,Parks and Recreation,72904311.0,General Fund,2026
appropriation,Public Safety,1078883964.0,General Fund,2026
appropriation,Streets and Infrastructure,114827259.0,General Fund,2026
appropriation,Subtotal Appropriations,1670776688.0,General Fund,2026
appropriation,Transfers to other funds,25120159.0,General Fund,2026
appropriation,TOTAL APPROPRIATIONS,1695896847.0,General Fund,2026
appropriation,Financial Reserves (Incremental Amount),3492330.0,General Fund,2026
appropriation,Reserve for Two-Year Budget Plan,168618964.0,General Fund,2026
appropriation,GROSS ENDING FUND BALANCE1 $ 1,163193552.0,General Fund,2026
balance,BEGINNING BALANCE,542437788.0,Total All Funds,2026
revenue,Property Tax,775073012.0,Total All Funds,2026
revenue,Delinquent Property Tax,9497584.0,Total All Funds,2026
revenue,Sales Tax,522694751.0,Total All Funds,2026
revenue,Other Tax,136144227.0,Total All Funds,2026
revenue,Licenses and Permits,13247328.0,Total All Funds,2026
revenue,CPS Energy,504423337.0,Total All Funds,2026
revenue,San Antonio Water System,36292834.0,Total All Funds,2026
revenue,Charges for Services,647926612.0,Total All Funds,2026
revenue,Fines and Forfeits,14150806.0,Total All Funds,2026
revenue,Miscellaneous,50581207.0,Total All Funds,2026
revenue,Grants,175249944.0,Total All Funds,2026
revenue,Subtotal Revenues,2900389425.0,Total All Funds,2026
revenue,Transfers from Other Funds,216950815.0,Total All Funds,2026
revenue,TOTAL REVENUES,3117340240.0,Total All Funds,2026
revenue,TOTAL AVAILABLE FUNDS,3659778028.0,Total All Funds,2026
appropriation,Administrative & Operational Excellence,106928722.0,Total All Funds,2026
appropriation,"Convention, Tourism & Culture",168607444.0,Total All Funds,2026
appropriation,Economic Development,224326412.0,Total All Funds,2026
appropriation,Environmental,166982394.0,Total All Funds,2026
appropriation,Health and Human Services,323892615.0,Total All Funds,2026
appropriation,Neighborhood Services,127827265.0,Total All Funds,2026
appropriation,Parks and Recreation,89083364.0,Total All Funds,2026
appropriation,Public Safety,1133454099.0,Total All Funds,2026
appropriation,Streets and Infrastructure,177792778.0,Total All Funds,2026
appropriation,Debt Service,390347637.0,Total All Funds,2026
appropriation,Subtotal Appropriations,2909242730.0,Total All Funds,2026
appropriation,Transfers to other funds,324594005.0,Total All Funds,2026
appropriation,TOTAL APPROPRIATIONS,3233836735.0,Total All Funds,2026
appropriation,Financial Reserves (Incremental Amount),3492330.0,Total All Funds,2026
appropriation,Reserve for Two-Year Budget Plan,168618964.0,Total All Funds,2026
appropriation,GROSS ENDING FUND BALANCE,253829999.0,Total All Funds,2026
